,XLB,XLC,XLE,XLF,XLI,XLK,XLP,XLRE,XLU,XLV,XLY
2005-01-31,,,,,,,,,,,
2005-02-28,0.07876457362026179,,0.1677767298839572,-0.006695910975171526,0.011590208067312258,0.001505745598339825,-0.0012851777233306994,,0.021448748385293648,0.03008528829075563,-0.0053282493446580315
2005-03-31,-0.02657800793202092,,-0.019093945102444443,-0.03804671263268322,-0.0004388678089574105,-0.019548880622851428,-0.00876305494387808,,0.011058218664010022,-0.005580353093394885,-0.011685774345271072
2005-04-30,-0.07128697011757701,,-0.054117147260967946,0.0017605906517170755,-0.03647738571796921,-0.0352761772521496,-0.010425002004601391,,0.030875130153421138,0.034828920742666636,-0.06363121760169488
2005-05-31,-0.006426101772407322,,0.027866693868224157,0.029536122774324935,0.03171883033372214,0.0694228091145288,0.02326539756818069,,-0.0006657274678996128,0.01262149178598615,0.061836065683580355
2005-06-30,-0.020016972484239837,,0.06979212356663944,0.012465012878777548,-0.026340967231477608,-0.012884065854811166,-0.019319801621957122,,0.059534167485357115,-0.005287570800680208,-0.00431106150567917
2005-07-31,0.05526845476145037,,0.07086645083577037,0.015608892623894643,0.038120881347229574,0.056726913150303204,0.032087814648797286,,0.022496624712180502,0.022559186064125658,0.05674186536611203
2005-08-31,-0.041899151149114244,,0.06386588532120241,-0.016371143618679418,-0.023606238361266296,-0.009501381579499646,-0.01746153288976726,,0.006507404318751853,-0.003467115929169595,-0.03290955076725954
2005-09-30,0.007698220545055756,,0.06286343743047795,0.008558224897983413,0.016756832066160854,0.0023984144667672513,0.014144263216177455,,0.042282894009547656,-0.005541626608120742,-0.028421365712244406
2005-10-31,0.002181989334527623,,-0.09036706217749224,0.030486811484786713,-0.01425767260362798,-0.02296713954510876,-0.00472449652112783,,-0.06398844022548966,-0.03062163133557616,-0.02031385556706733
2005-11-30,0.07655976539018927,,0.014952676493734662,0.04766642516563846,0.05819077539271267,0.06317377615221997,0.009063519506708584,,-0.0015893633418655462,0.012175096396164653,0.03989961419060273
2005-12-31,0.028611543867104405,,0.017995460236801097,0.0002040136808914017,0.004729914295984905,-0.030714177865362013,0.001168857826785219,,0.008591983137840042,0.03460063228527477,-0.00855831905281601
2006-01-31,0.048216294264951776,,0.14609484693568509,0.008841080595239248,0.0028639643340999665,0.03349283598281372,0.0017174641349999575,,0.02421134569312744,0.012925293389902226,0.017764209984200807
2006-02-28,-0.021424147541225902,,-0.09226514246212247,0.021282889463185795,0.031101496344847934,0.0023145459208588903,0.008572806540462219,,0.013064015502127324,0.011515886960550725,0.007222315491785647
2006-03-31,0.04663827042782076,,0.04243793967503717,0.002898448121447572,0.044228734298123795,0.02263277478540493,0.008246441706820207,,-0.04631572101514925,-0.012774667600010559,0.005884029076511643
2006-04-30,0.03554835287350522,,0.05036693341909415,0.04331824268124462,0.02159752122664349,-0.013098375710748678,0.009745764598728224,,0.015893417617244943,-0.030957111303181906,0.012774706440084493
2006-05-31,-0.04029798916133698,,-0.027826299492223816,-0.037691406130302085,-0.017086271331270497,-0.0649883079514415,0.002097608934781503,,0.016283814711457678,-0.02097403273680376,-0.01672061248924661
2006-06-30,0.005160542081577679,,0.025382159407147498,-0.0046250165492095485,-0.0012851656345834739,-0.004894375174163912,0.018404978172088526,,0.02294479868078647,0.0003489196831389929,-0.0017499673538147187
2006-07-31,-0.037382846944262194,,0.03347980353095559,0.02288149330608058,-0.05678790007947687,-0.02607040641534042,0.015708829250089984,,0.048002930919504694,0.05456366622124631,-0.03324310394476915
2006-08-31,0.030097017400798176,,-0.050809626758127946,0.011789492685747582,0.01128892437210105,0.07020190124804082,0.03866459783846454,,0.027481624243530955,0.028535760476449568,0.01982641076259628
2006-09-30,-0.0001381909177130547,,-0.03658883057107443,0.040253099143014115,0.038180083026737366,0.04033621386094732,-0.0005034992885472045,,-0.014544773920021403,0.01534546558547012,0.0637067212988982
2006-10-31,0.06005054669483956,,0.04265626721931737,0.023396915756405567,0.02819421464636407,0.03954502088210354,0.017730716003770297,,0.052956794795506745,0.0033152024482288045,0.06466383934436637
2006-11-30,0.04352998275218756,,0.08577124711074124,0.007056171490105179,0.02450402927263373,0.028422276910411215,-0.008517500986236382,,0.026543910528807224,-0.0012016395807873392,0.012630685030448063
2006-12-31,0.00631702445968485,,-0.02817310665023809,0.03763413603390786,0.00492644478228943,-0.0053872435995736545,0.025088341320057106,,0.008537868370093182,0.010452781774322517,0.021685531917268186
2007-01-31,0.04047089428567063,,-0.009211134515767605,0.009254198278114245,0.020851619836662838,0.020207104551067445,0.02029121157493008,,-0.00354001988025332,0.030456553886600846,0.028675330501928054
2007-02-28,0.026758423905515638,,-0.020484986815019868,-0.030475139373113636,-0.011192377580956925,-0.02697055117442837,-0.015384741298794968,,0.053020021306646736,-0.023181851272157994,-0.029903197974977425
2007-03-31,0.023611877910645562,,0.0628774516945152,-0.004728353157095522,0.0081191867879995,0.009961272283310008,0.02066408516022511,,0.035927800358341866,0.0019528445206233869,-0.004727590279497651
2007-04-30,0.01498044790313724,,0.05126076582181027,0.03873179428063733,0.04641344980918327,0.04717005146355446,0.028142745929062185,,0.04911836225053823,0.07310540605215166,0.02366569484290526
2007-05-31,0.059036489648339074,,0.07779766109981168,0.024047347902651506,0.05188167712421232,0.05036772136106715,0.013502979661289327,,0.004561834736128922,0.017169662585074796,0.030053657428910086
2007-06-30,-0.005318296617415452,,0.013035340372952176,-0.04016383157937953,0.0002700573349245783,-0.0012482794677105558,-0.019925458944572982,,-0.04747246120241233,-0.03347765070652764,-0.017468775651360846
2007-07-31,-0.026666786624264915,,0.0001449198162573051,-0.09065797627246286,0.00947767055722415,-0.0019533232347799245,-0.02846583813042436,,-0.03991858486528821,-0.04757826157162015,-0.05924261886082971
2007-08-31,-0.0068492193552275316,,0.012028853662376271,0.025836095706537776,0.0002537878764117263,0.01917849748736966,0.023591475480199575,,0.015789044923973705,0.02289615587174265,0.006216400902941732
2007-09-30,0.08053658764659155,,0.07399171530074766,0.02441274739361865,0.0473787667240777,0.037784597623852,0.045943072167190735,,0.038362482145449794,0.03119906502542702,-0.008796794426932042
2007-10-31,0.041557516011532236,,0.02540090369691006,-0.01719145380032916,-0.012902252709650619,0.05302114654275747,0.015368200647628782,,0.06658228135376176,0.018670269029345432,-0.004887661992037051
2007-11-30,-0.050386868764152215,,-0.042112050317449023,-0.08093694293864495,-0.02835987520560279,-0.0753515020615585,0.02745550927303264,,0.006596346364382333,0.012774489321471627,-0.054570238916468616
2007-12-31,0.010722276659807184,,0.08281276809869986,-0.05827138041212132,-0.001334675500775706,0.019912787001128862,-0.008298987559135718,,-0.0018124598431555894,-0.02827658222042262,-0.04953123339318777
2008-01-31,-0.04196667561746603,,-0.12287294584534669,0.007258479175681787,-0.05515818738617262,-0.12790686947332985,-0.05555562166606931,,-0.07347002243558931,-0.045596181519464984,-0.0036694633030127655
2008-02-29,0.023028617284468256,,0.09267200737852099,-0.11358942862460453,-0.0202705772560835,-0.04731176218728972,-0.002573927832657974,,-0.04105106686250459,-0.026706043776096866,-0.03867440560396851
2008-03-31,-0.014058195200772228,,-0.023362652963965558,-0.029400939599474762,0.0363070326134769,0.011560898900318861,0.032399010262792904,,0.01605308889789714,-0.04544100311869981,-0.017864723609367306
2008-04-30,0.053273603036587236,,0.1038348053235949,0.06996336572096995,0.029411313209895873,0.06249954489884035,-0.007537912870781871,,0.05113387906683586,0.009945753854823103,0.023763177499722676
2008-05-31,0.051996936706351304,,0.05198743719519783,-0.06952275054187507,0.00883123153507026,0.06512610822573905,0.030379761590401566,,0.03585756500107706,0.01905932104160235,0.027345016413289347
2008-06-30,-0.05816279700592164,,0.031554592952974136,-0.17449407903014857,-0.12025518570388871,-0.09367389034822637,-0.05699510158404453,,-0.007463295322312158,-0.042309565027455975,-0.1153430010242722
2008-07-31,-0.03235117796817755,,-0.15913161794192776,0.06762143342329408,0.007939402042731247,-0.02444267822159274,0.02429933061951428,,-0.0643735300069389,0.04480069535846232,0.0017557653048876354
2008-08-31,-0.01560187004411473,,0.0033598649658037605,-0.009709094332446044,0.027420804581278935,0.017896882026990468,0.027007051682987004,,-0.011029639443122408,0.02065727768159653,0.06904998336586732
2008-09-30,-0.15477488658094118,,-0.14930832882025757,-0.06252697409797159,-0.12071745916435972,-0.12447989614675525,-0.01251227427263113,,-0.10982480056921018,-0.07431056935888392,-0.08202220179682918
2008-10-31,-0.22395222610095522,,-0.187994154317227,-0.2192052411388148,-0.18246751212039447,-0.16120907491737302,-0.12608709025529408,,-0.13000276916236986,-0.1148086317944319,-0.17634406101559164
2008-11-30,-0.10686703744930492,,-0.02178953609489742,-0.1848037032323746,-0.08220814179409652,-0.08408405659509677,-0.002072593833107206,,0.04185384799580372,-0.06315783136425934,-0.10835512336496911
2008-12-31,-0.005757837949662115,,-0.04499180206829412,0.0037066074345513123,0.023261088081128367,0.015898367711741024,0.00015998668666283855,,-0.02400993337422419,0.07190067234271647,0.060708338848622034
2009-01-31,-0.07387857789880603,,-0.017793871537803985,-0.2619807234028756,-0.11998271156369666,-0.0473719542702522,-0.0720570945896486,,-0.001722295483492231,-0.012052779464063468,-0.10616608363152769
2009-02-28,-0.08024696045548063,,-0.12340122199161141,-0.17748955561494228,-0.17030598063153446,-0.03814707911350823,-0.08081294560149599,,-0.12525905775652368,-0.12390396628035771,-0.09076740694644114
2009-03-31,0.1535949926760627,,0.03764223285674562,0.1708379723705824,0.08817268077052343,0.11180957436791705,0.04248365647252639,,0.01902323203950984,0.06005810279753221,0.1269761290851883
2009-04-30,0.1557860837638565,,0.07819095046627877,0.21793449061145598,0.18068410698192872,0.10435356020551567,0.042654170250733925,,0.011741900378777759,-0.0012393801665869786,0.1852416531659793
2009-05-31,0.05843401973185758,,0.12887710532130048,0.13979479449010546,0.03354724113081864,0.02318871276390344,0.05090930512009595,,0.03558998401167468,0.06823836264650684,-0.007299022109183095
2009-06-30,-0.04537240468761816,,-0.06548888233375805,-0.017855808290764386,-0.01704199456897426,0.0363963793603026,0.001989275720448491,,0.053716102572189506,0.02370119777283408,0.002534173970503373
2009-07-31,0.12868227555222322,,0.05348612176313572,0.08870275998445898,0.087431474931289,0.08182365001860914,0.06655045551532979,,0.03764827041361629,0.05929321611015004,0.09488700423204599
2009-08-31,0.0236950670009326,,0.01086568155300971,0.1299002374294742,0.04773936629883879,0.016243512767089685,0.01223459688216777,,0.010020775871332877,0.026910821251629358,0.035220190094477744
2009-09-30,0.042217060526185124,,0.05842302598444293,0.019476546552372298,0.058337692276370534,0.0463230132704211,0.03310944947472305,,0.013779816916190013,0.006151743721430902,0.05348779804873449
2009-10-31,-0.051713352667412504,,0.024666188337178818,-0.059571747677974796,-0.039863491019673014,-0.012457957933526664,0.014532625919396303,,-0.03204928002872287,-0.02092774761653715,-0.023662574810689452
2009-11-30,0.10770300435602209,,0.028416487823388126,0.0434163748861931,0.08778217556065226,0.055312965777750245,0.03677905954701033,,0.04825651399810549,0.09298139043103681,0.067114197475729
2009-12-31,0.020689469091558,,0.008804526702378412,-0.014088576934454866,0.016740659663259994,0.05803848524335642,-0.0022145345181383558,,0.05471372853233358,0.018305638660354173,0.04586656488559604
2010-01-31,-0.08639007897785855,,-0.044027072021563196,-0.015277861488874778,-0.014753064582537445,-0.08591362314802631,-0.010200355370381664,,-0.0480335028036748,0.006759223818292748,-0.028888073919414503
2010-02-28,0.0451228742248051,,0.03009163245944002,0.03526037380305036,0.05332354089862723,0.03482806836760055,0.03167939713129542,,-0.013207073396890312,0.0038359997981307625,0.055690000219495994
2010-03-31,0.07916145854627588,,0.02816913142131172,0.08898928080558455,0.0869293823365831,0.06839834726521477,0.0376739889796025,,0.026905487735080946,0.026673655994119194,0.0780689937542609
2010-04-30,0.002063787424811947,,0.04155081914597436,0.013165787474259671,0.042573451619550395,0.012554005893844922,-0.010741086276679246,,0.02629797219676422,-0.03890439465721318,0.060291780546305906
2010-05-31,-0.09532230517227225,,-0.1145051080038304,-0.09158417804812602,-0.09118805871299196,-0.07481801141444666,-0.046326703492072574,,-0.05519006506927793,-0.06509026192785716,-0.07036158388736591
2010-06-30,-0.07332071060289191,,-0.059254896838360493,-0.05728689851705959,-0.06875208937183164,-0.05396681867661213,-0.02531394484555438,,-0.007020717052790948,-0.01824339721898094,-0.09719226486907018
2010-07-31,0.12830458508151632,,0.08373534348569756,0.06517044470110989,0.10426552582048099,0.07450975828775275,0.05803934122596899,,0.074664015403751,0.013121337456431403,0.07929982749326991
2010-08-31,-0.030303078548168605,,-0.04903439753993222,-0.07817841749778887,-0.06933032918530224,-0.05611330915986046,-0.01853170573255758,,0.014487490676340808,-0.016450815853256362,-0.039758246816469445
2010-09-30,0.07754948966784259,,0.09995641026754365,0.0606381084412575,0.11526854809712517,0.11663698129600131,0.06037864519991776,,0.02894867871659046,0.09063292181267091,0.11021483364400653
2010-10-31,0.06162306103483961,,0.056724333230357304,0.014633324216065002,0.028771817529595678,0.05777569382655545,0.03192273280546676,,0.01083474201078638,0.022302476710030827,0.05537332485708757
2010-11-30,0.011207093278304825,,0.058575749553497314,-0.006867705781588351,0.013362781078348762,-0.016427072927217012,-0.015641718359318157,,-0.03026474518240463,-0.028873778321903742,0.025240628356588024
2010-12-31,0.10037743009139377,,0.09318426115445866,0.10704235963309672,0.07476699976276802,0.05555656597954606,0.04399579519526253,,0.031053156150027128,0.04603185890820871,0.04095890062433272
2011-01-31,0.0007810433680353057,,0.07179499462979866,0.028213168887115225,0.03928922264786805,0.03175835385847314,-0.014670668033875733,,0.012124946839441986,0.00571439267866003,-0.00614829953299989
2011-02-28,0.02653481755723064,,0.0736841360931988,0.027439216091556418,0.021247322379463585,0.0219315084236269,0.02908581064363225,,0.012295062947743851,0.03124984181401036,0.059977864298671246
2011-03-31,0.017540903399543728,,0.018824942241497222,-0.024754217861596706,0.022303482004496056,-0.015509418522442475,0.012459179751998395,,0.0023134202592551834,0.018085777915754386,-0.005813841925880525
2011-04-30,0.021239454598517726,,0.00915352389002777,-0.0006100642770894282,0.027343018415875386,0.026093442490843,0.05347572417755231,,0.04047667389791698,0.06433098634382639,0.038411837361443935
2011-05-31,-0.027403946921275124,,-0.04187379594430585,-0.032967074471103364,-0.027649031947120872,-0.010470915948793014,0.02506335478489441,,0.021411249365584695,0.024687717720528468,-0.0027128008784779167
2011-06-30,-0.00401888727291555,,-0.019221548894470364,-0.027453925311903604,-0.005457037081392335,-0.024833321687495302,-0.026647137061091675,,-0.0014381927945530393,-0.01124013820120795,-0.002176754105063905
2011-07-31,-0.034544131466648365,,0.014598717669173533,-0.03583047729025324,-0.06874339722808487,0.0042806096306280406,-0.012808523167279984,,-0.009259590658408312,-0.03968486856523079,-0.013926479589405183
2011-08-31,-0.07024460435176738,,-0.10215829510180818,-0.0959457685063193,-0.06574353428927715,-0.053080536989849936,0.0019459399642778319,,0.021706294198320597,-0.021101643306588813,-0.05245910390498232
2011-09-30,-0.16479450627204273,,-0.14423462614702853,-0.11391073799816154,-0.09310051578627754,-0.030695965856386787,-0.03295582043214995,,0.0021612883907526914,-0.0448802969151052,-0.06895219428012511
2011-10-31,0.1733649363963401,,0.191419964911417,0.1430996031669176,0.14373676171062022,0.10211867675764297,0.046527125163429384,,0.03658508088645407,0.05767397127076701,0.11933449186693901
2011-11-30,0.0020320423906581286,,0.016640701577494754,-0.0511112801648661,0.014063888923338652,-0.01499405401319509,0.027706256701796494,,0.010329940629237866,0.009535438810181152,-0.007175852028525331
2011-12-31,-0.022793376687511246,,-0.020423125252500784,0.021332070716149287,0.0025420753100862115,-0.0022891316998757683,0.027703086541650768,,0.03331382567419583,0.029650198686824503,0.013074527393955204
2012-01-31,0.1098512347919236,,0.022565948250214296,0.08153881589129308,0.07318558524290641,0.062082695678487454,-0.014157938961373961,,-0.03613076034024709,0.031997394981534866,0.05894380501954655
2012-02-29,-0.005648808928280902,,0.05927320259204816,0.04978649308380789,0.027884450843497,0.07103241796823245,0.037464453101162754,,0.006055582542453752,0.01061482385928536,0.04525663575015093
2012-03-31,0.0038078453768930487,,-0.03809926030566346,0.073878558435998,0.009790108604073033,0.04514151473851791,0.031009207013393603,,0.01358941060655594,0.044771170257217996,0.047206600302747814
2012-04-30,-0.008114465212369248,,-0.0071078287760486525,-0.02341760201769061,-0.010956199217296514,-0.011273104157034197,0.002934026281472768,,0.01769408102593739,-0.0026593548955631263,0.011532104178233915
2012-05-31,-0.07772055692192026,,-0.10682220464432823,-0.09202826936325148,-0.0632266003559715,-0.06338046395591401,-0.011702745587978236,,0.005608736711300022,-0.036256611291880736,-0.055031348580441675
2012-06-30,0.049120950415420195,,0.04809961108681726,0.04999224553722281,0.03371179749494768,0.03263736356546576,0.0363948046505449,,0.041111017684521745,0.05711885787433579,0.019367787349612975
2012-07-31,-0.012751288795121996,,0.0494197604259361,0.0013657299259510758,0.003925269709026402,0.01844756791781177,0.024734160969078545,,0.025142108580090916,0.009997904804091018,-0.00548170239792245
2012-08-31,0.023248786154078882,,0.026992391134350813,0.03410669378780273,0.015358644311458836,0.042037135940308,-0.0047713472076466035,,-0.04140338793440512,0.011721453629496503,0.04616390060644049
2012-09-30,0.037664849040733195,,0.031158135914672647,0.032637025288184685,0.011177964545717511,0.015328007187722648,0.017567058322335294,,0.011693002841417721,0.03809004905490898,0.030808342760567653
2012-10-31,-0.02092413582672814,,-0.020291211331948777,0.01988461794616936,-0.0010948006326078064,-0.06357451739961284,-0.012280550677292279,,0.014015095096253649,-0.002243370782970211,-0.015388257598348165
2012-11-30,0.01859562922671598,,-0.012232443345220001,-0.008804951570918207,0.017539219886060664,0.009005622257602264,0.01836689297052363,,-0.04281872512536755,0.005245865140781403,0.031691010683326803
2012-12-31,0.03193097382973242,,0.010187451020610139,0.04649154998989302,0.02822594669961309,-0.003914017343689236,-0.020766496246801158,,-0.00016595774977523625,-0.003594425818249203,0.004508513335693021
2013-01-31,0.03942469229993861,,0.08302965478232216,0.06040281947500192,0.0575194800942902,0.019064121662226485,0.05644678559993532,,0.04753709074487977,0.07597846702271571,0.056703048260279054
2013-02-28,-0.013583055921325693,,0.004395971158226208,0.012083109083774524,0.022205885482978305,0.007823109833874353,0.033089730118686544,,0.02323677597605589,0.012584097957194507,0.015959188513738454
2013-03-31,0.022119695371211057,,0.025426951095895767,0.0387374747809881,0.02370547917249577,0.025777027454580992,0.04926453622785876,,0.05368938487188135,0.06211444728234783,0.04375852290420923
2013-04-30,0.009443662625973737,,-0.013113237408833744,0.026908517107112395,-0.0074233050915524235,0.017508956636234974,0.02941922558899779,,0.059590567547948003,0.0300326183643167,0.03037735113704243
2013-05-31,0.018963194612858558,,0.028491069174326977,0.06096226499728874,0.0501813702403775,0.027922177337592835,-0.021739707866758162,,-0.09051398961331403,0.016479773175618107,0.027650314155284406
2013-06-30,-0.04110104729966724,,-0.02266723207321608,-0.015705777492106887,-0.015440949681489013,-0.028917389829395623,-0.0030226930148270492,,0.008945346857355263,-0.005912469577683099,0.008209208434069915
2013-07-31,0.05554072357044726,,0.052617993149352005,0.0534708416043026,0.059099434401725714,0.03726694712005463,0.04335775155433663,,0.04331628447501612,0.07162340361262842,0.052659470596503555
2013-08-31,-0.0012349801582818287,,-0.010312964510118428,-0.051244805029541096,-0.024801014657522824,-0.010400346130291616,-0.04542163512071473,,-0.04992366225361644,-0.03528026846630394,-0.02846527236326113
2013-09-30,0.04428443471076626,,0.021142279638140637,0.02821615347027917,0.058668923370590154,0.02532139533079958,0.013710690129644654,,0.011473914917059513,0.03207415140774694,0.05422915345383861
2013-10-31,0.04189491580411109,,0.041973134466953166,0.033149122375146334,0.04761933205254887,0.05024945799776437,0.06407003275783052,,0.03773048433079018,0.04309153626327755,0.04585186163226229
2013-11-30,0.013022822893912878,,0.0005787739637026501,0.044239354611285586,0.03661034930344176,0.03090620779478548,0.015584528696046762,,-0.019339692632948324,0.047185972941022,0.034537016405439935
2013-12-31,0.04896250749080089,,0.02871683813264969,0.022476237509371666,0.04218611456982968,0.03534691555803082,0.006899124166316994,,0.00911030081739539,0.007389214022952784,0.022832429673634413
2014-01-31,-0.047165463658550455,,-0.057959496075737915,-0.03659639385790414,-0.042671505550160194,-0.025741437683459267,-0.05165174124529681,,0.02976055287464452,0.00937921203870995,-0.06000309506731183
2014-02-28,0.06902785105747489,,0.051211526896243864,0.030389070177071265,0.04057596163981647,0.0439404081062027,0.039008515711179026,,0.03452696183949544,0.06218750561516595,0.06399234580703683
2014-03-31,0.008259274765734181,,0.021083491903415075,0.03330815668419662,0.009565935820011306,0.004301993294296036,0.02193024683523581,,0.03350949523125801,-0.01257830456073672,-0.028670817524580672
2014-04-30,0.008248825851319364,,0.05254901711072946,-0.01700968734268593,0.013376212199721405,0.0027510054938744144,0.027403052857446042,,0.04220896888000847,-0.006325921246932098,-0.013596864228287875
2014-05-31,0.029577975558052305,,0.01674823400906056,0.01502775181759719,0.019234539709931164,0.03758637684815547,0.01808366101368386,,-0.010876673929805736,0.028733875688057298,0.028821890549576734
2014-06-30,0.016145598401280825,,0.055133434007829774,0.02422566652960345,0.004748854351589449,0.01868846779752964,-0.0025326989778434728,,0.04441940825947044,0.021215231646515287,0.01938654465344891
2014-07-31,-0.019943869073016374,,-0.03466519184314132,-0.01451199825059013,-0.04125050196085134,0.016949434142309316,-0.033168902014423796,,-0.0680079230794004,0.0013148838300212073,-0.012735873349905336
2014-08-31,0.03864349762976205,,0.021835062790238835,0.04239180560100442,0.042253371276237184,0.032820317521840225,0.04612852321704408,,0.04921220799843007,0.0484323266123754,0.044468103384918134
2014-09-30,-0.01405129644344294,,-0.07751315194182151,-0.004034306758953998,-0.01146409000055748,-0.005170191516251643,0.00588779147761298,,-0.018729835780807114,0.004349864817147164,-0.027708971399221904
2014-10-31,-0.023996675822126168,,-0.035312378095384234,0.028917288912070127,0.03875850354095589,0.016039907921666652,0.03546890983396578,,0.08030406855933281,0.052574006756638925,0.021142528309615827
2014-11-30,0.01570232694990592,,-0.08693662259874213,0.023489665332953047,0.030791369253765133,0.04810024064636598,0.05544846276504889,,0.011656299904218015,0.034785341174376594,0.05447841284772048
2014-12-31,-0.005568629807421788,,-0.0021077232188166928,0.018702427464101445,-0.000215798920906618,-0.021767385765658287,-0.009356933918682975,,0.035671551715744876,-0.014033934224041977,0.008900500986066096
2015-01-31,-0.018320514677747757,,-0.04560385555962587,-0.06955126743928064,-0.03552464060240168,-0.03506598280291229,-0.00969284411558613,,0.023295143501718796,0.01301533401288868,-0.029937394401384987
2015-02-28,0.07968112113064252,,0.04592986277280331,0.05823576967934563,0.05350881497150928,0.07994922888782474,0.04144113888113665,,-0.06394875267090383,0.042875834553289804,0.08544030825267468
2015-03-31,-0.04904856109129374,,-0.011552412269644985,-0.006160102314271332,-0.025460477059580988,-0.034355186804983506,-0.01942642502199554,,-0.009953184682873095,0.006406574535450904,-0.004829893565667209
2015-04-30,0.0336202662656897,,0.06573830804668845,0.0008292403761738232,-0.002510253037735888,0.027509164804973008,-0.0075913066749889735,,-0.004726454647464129,-0.010896430767929677,-0.000530881673706407
2015-05-31,0.003768570439931951,,-0.05188633723030689,0.01947776371260801,0.0032351729863473455,0.01855326725218065,0.008683254737442248,,0.006332153721678946,0.04504225307358167,0.013145814768704245
2015-06-30,-0.039495491710750064,,-0.03483525328625625,-0.0046102443745265065,-0.026546407706761754,-0.041128164593021155,-0.01834392115287109,,-0.05984005360627176,-0.003919767101150828,0.005544395838092964
2015-07-31,-0.05042367886882837,,-0.07690268476307283,0.03404424975366238,0.002959599968956894,0.02850226302501979,0.05693265547240656,,0.061022338514908014,0.02957361345145615,0.048901537765224656
2015-08-31,-0.05636572759213354,,-0.042519332515552066,-0.07060683907764809,-0.05403919836850579,-0.055190264407277145,-0.05963019573418338,,-0.034780462984149274,-0.0796445767151035,-0.0653205860651328
2015-09-30,-0.0742142595571863,,-0.07193383445013535,-0.028133995444910354,-0.022040206677329977,-0.013718913527442145,0.003898589640181749,,0.029174246809645865,-0.0570284219656878,-0.005869725286785643
2015-10-31,0.13426885472056016,,0.11160137255889513,0.06266518452089875,0.08779309379185585,0.10506384886970843,0.057003680447998306,,0.010626268248552728,0.07715532064369324,0.09035834731628611
2015-11-30,0.009937857283135232,,-0.00014712121565740865,0.019933732834111817,0.008660491215067623,0.007101797383176622,-0.00922222931659089,-0.006462189753848491,-0.02125699103456513,-0.00322400453295435,-0.0023464661533475484
2015-12-31,-0.04340055975910462,,-0.10516952807239599,-0.023643629063474725,-0.02572439132037585,-0.020811435676129975,0.029176930242476695,0.02532697190901234,0.021191601396692183,0.01722868892878915,-0.028431450881081677
2016-01-31,-0.1070932576091459,,-0.034980275731769095,-0.08854406929999614,-0.05697054218889941,-0.037123710402840904,0.005347423770656778,-0.06394310085836252,0.049445634997415056,-0.07719040767030616,-0.051816382510331604
2016-02-29,0.07815299635182638,,-0.028001860605849416,-0.029005234046388217,0.04260860745243322,-0.006546974471868361,0.0031522811594739686,0.0047961054454792595,0.01937464565525948,-0.0036105397867925992,0.004452568940436885
2016-03-31,0.07573039650575852,,0.10165905088855509,0.07159147819838863,0.06973548858620049,0.08821699806640004,0.04738290184051741,0.10697130033779523,0.07976422433491948,0.02707477453968643,0.06697429632517582
2016-04-30,0.05110465338353665,,0.0906445033701897,0.03600011548659521,0.01243890151480076,-0.05027035811723923,-0.014323553851190773,-0.02425347550654966,-0.024183660377860794,0.029654640423867118,0.0012641674866498143
2016-05-31,-0.003397217606595837,,-0.009333091093013945,0.018875760255884,-0.004273336892896329,0.048896352396742726,0.00688356198003115,0.01720800339408801,0.015076374444338292,0.02235285849528501,0.000505499582818425
2016-06-30,-0.007845233077770297,,0.02720711837657408,-0.03232701470207733,0.00713144727768622,-0.013778333540910737,0.05358546503703021,0.06100626541794196,0.07628087459503807,0.009091563890011978,-0.011396134550313408
2016-07-31,0.05071162002095564,,-0.012602798933558867,0.03455767127884335,0.03624374044968692,0.07101697007728935,-0.008159444922713588,0.032390413566752985,-0.006670658302735166,0.04866848820750813,0.045606521933946764
2016-08-31,-0.002669677897371603,,0.016770909173135173,0.038478553263445514,0.009476065159843117,0.011625401109598421,-0.005850395249971108,-0.03743043372285104,-0.055449106768266754,-0.03244689352996066,-0.012987162203566438
2016-09-30,-0.011611516756168228,,0.03688176201042581,-0.028018112279026064,0.0018615157556545192,0.021017985781617066,-0.015455020086542204,-0.01308730660301749,0.0036107311669859588,-0.005096405727879283,-0.0026665950736525224
2016-10-31,-0.020942765760783244,,-0.028182985608752875,0.022797853029289605,-0.0200413129119289,-0.007534607133572013,-0.007705505520346101,-0.05553872119406089,0.008981771482249323,-0.06587160951530491,-0.02423755151707363
2016-11-30,0.06823528459077344,,0.08466920380420762,0.14032428839647082,0.09089339764414728,0.0016870586626893669,-0.0420452839128046,-0.030371638657384348,-0.05421805477375319,0.020635633006574894,0.04801531469086129
2016-12-31,0.0017664599109838974,,0.017307804148224415,0.037564626550635305,0.003061063458634994,0.02259871914649514,0.029965588632030027,0.04346613289680734,0.04898743928502358,0.007162254815632485,0.00039053936385902155
2017-01-31,0.045472670689778116,,-0.03212985022752479,0.002580502426561271,0.018643372121512236,0.03556651490294316,0.017018175741019936,-0.0013009534832010283,0.01255959381399041,0.02291885224357837,0.04213711646131424
2017-02-28,0.005581528779081912,,-0.020850469172761454,0.052767106689859844,0.039128941563533415,0.04532724635937169,0.04772761535357195,0.046564615597352255,0.052663677729928526,0.06338572879421056,0.01815390727499655
2017-03-31,0.006218636457480553,,-0.014859893557187531,-0.02956067721599831,-0.007655478827478079,0.022260447070391987,-0.00422669176340662,-0.01053033499480649,-0.001353200934404275,-0.004805633314370339,0.021339340482031455
2017-04-30,0.01259289410882869,,-0.02947093583245286,-0.008428137510635536,0.01967398766907258,0.02007132627232977,0.01099287305122476,0.0015825332135843695,0.00760074111449538,0.015330844624949602,0.023991154778663537
2017-05-31,0.00018858651007702676,,-0.03537724931656683,-0.011899838230216675,0.017787138414134374,0.0395366030869706,0.026458983847495343,0.00663524007481997,0.04139278501700838,0.007682026763091487,0.010992739464071866
2017-06-30,0.01850219740673098,,-0.0011164337511200273,0.0651332129225537,0.01351236967351932,-0.028118365467016404,-0.022534948649037823,0.019141152708306297,-0.02708852411721885,0.04567102700265213,-0.012593826333317293
2017-07-31,0.015424803480464933,,0.026185975545383933,0.017024979555782638,0.0029366317579853085,0.044590579975367195,0.006916642660914629,0.01211169575113602,0.02424955651323102,0.008202842689852385,0.019301853765174792
2017-08-31,0.0078695497696053,,-0.05478824672595772,-0.015544217501064161,0.0021958304947164997,0.02921618527494041,-0.011026510970775671,0.010125857350353984,0.032882447305975004,0.017524315262642975,-0.018607725468163028
2017-09-30,0.03697023966236945,,0.10182339011016284,0.05132990322272479,0.0418445583445477,0.008178691195662724,-0.007150154658960073,-0.013638517783695736,-0.02756775210795126,0.009113983455236951,0.008238671015730281
2017-10-31,0.03873233964962486,,-0.008323811771010603,0.028615703911078816,0.007464803671325404,0.0651435395933031,-0.016487963853897614,0.00806482842177525,0.03902000279959417,-0.0075859597356454644,0.021203374338814696
2017-11-30,0.009491587838615478,,0.017523106875175776,0.03458644793034926,0.0416606500507859,0.014138499625833578,0.05575510133300665,0.029230456763196244,0.026850585052882847,0.029096115986642523,0.05065783291933035
2017-12-31,0.021269650915535232,,0.05269400834559712,0.01888160816401996,0.021085695070356847,0.0054579484636201325,0.02253000695860652,-0.004382585898995428,-0.0605820537583297,-0.005505086227852174,0.02458235901848904
2018-01-31,0.039979997462475936,,0.03584292977043546,0.06556746989819051,0.05365409691876932,0.07036753781196148,0.016347237786172863,-0.01912557521065128,-0.031131257665867107,0.06555423603267818,0.09241042885022877
2018-02-28,-0.052740219746503114,,-0.10835029528331785,-0.02925327319036375,-0.038630594119197226,-0.0040905104469342035,-0.07627132596435837,-0.06809049579616988,-0.038793190300820846,-0.04494907245986057,-0.034690536640030634
2018-03-31,-0.0414632823516653,,0.01723069778749542,-0.04155327292978506,-0.026883160947320905,-0.03733823030946892,-0.009069064337626997,0.03828962602013353,0.03796512440036204,-0.029165752315762017,-0.023847118516497456
2018-04-30,0.0012290405674015847,,0.09494113670843074,-0.004352708464743893,-0.027863328858353742,0.000611613668022315,-0.041420857484828266,-0.006113149292339082,0.02038404546022554,0.010565204622317248,0.023792626888088586
2018-05-31,0.02052290685783076,,0.02994160912634447,-0.009835963945508785,0.030739207043345873,0.06782728792385884,-0.015659370943856166,0.022337393362910962,-0.011054850706607833,0.001823391369812244,0.019865204679337722
2018-06-30,0.0027555322740020483,,0.00569549174892825,-0.017469235534385286,-0.03388964337986944,-0.0026312202768906667,0.045690307881989245,0.04461564247251948,0.028137931857341814,0.016493400910778888,0.03618666811390181
2018-07-31,0.028586308008433647,-0.021602992710679225,0.015538638553343143,0.05114707932944573,0.07385163611069889,0.020872415078365236,0.039588813082089835,0.010394372399199714,0.015974074615498157,0.0655401495330925,0.01802365862565969
2018-08-31,-0.007701307821031511,0.014857580050255281,-0.03475080447830181,0.013595466705751624,0.002339894851123514,0.06598968372016012,0.0039201091023386425,0.02420593304484675,0.01288121173074952,0.04329279369044592,0.05104694071336713
2018-09-30,-0.017954426271979407,-0.0009629375694221176,0.02445959519463292,-0.02215444099552255,0.021773864212695004,-0.0001927057924602238,0.009872043332191938,-0.026460916501270804,-0.006483383833620682,0.029541821863948048,0.005304645422099963
2018-10-31,-0.09183475214202508,-0.06040844762020792,-0.11328227695533,-0.04713561002765854,-0.10867347366766567,-0.08004764031691114,0.020025844988700303,-0.015946076071256643,0.019752831241890867,-0.06778765552621846,-0.10100686280167004
2018-11-30,0.03801537506894648,-0.02237186088179377,-0.01563430986861547,0.026255283033856713,0.03806487632654987,-0.01962481633567026,0.022723112688824765,0.05484544102393496,0.0353884083196403,0.0808345338094163,0.02476762791683651
2018-12-31,-0.0688770198513885,-0.07988419032589411,-0.12439174225463501,-0.1112892256516621,-0.10659000326207368,-0.08376493057410661,-0.08914537986723037,-0.07344319456024007,-0.039944593453118404,-0.0935365138171198,-0.07956218881327815
2019-01-31,0.056017391001798256,0.11749012976665818,0.11211838101171989,0.08900074458850282,0.11426806790372024,0.06937716128765903,0.05139857705495432,0.1074193335433733,0.03476950354449837,0.04808693302471312,0.09867673954952116
2019-02-28,0.03186500640780343,-0.004552358775057441,0.02304803992435911,0.022359265561395558,0.06367580221253122,0.06910080278516717,0.017793416871159984,0.011068984002921445,0.04108855254180521,0.010808455519945914,0.01314573726162016
2019-03-31,0.012529196389876374,0.020307084831556965,0.02128100360685381,-0.025593952572921297,-0.011495278459365044,0.04768708582957837,0.038229763507508396,0.0494821943555841,0.027914698085064193,0.0048189342734261675,0.03655296922887108
2019-04-30,0.03513505654391169,0.0705581342407573,-0.00015134706814567966,0.08984846300807292,0.039717566202401855,0.0636483743451739,0.028515599177201256,-0.005245931625630251,0.009283021871407282,-0.027138637314346292,0.054633204109403755
2019-05-31,-0.0818101342318609,-0.05951666937363387,-0.11102710473613686,-0.07173453944004382,-0.07640035436496562,-0.08664730215775363,-0.03638895335714276,0.012212292857883611,-0.007835119417901604,-0.022182650087495093,-0.07603884879188572
2019-06-30,0.1156372285032603,0.04773970222191348,0.09395131022702752,0.06653698546971754,0.07920446371169176,0.08938284388227324,0.05219543365272794,0.016223422610603278,0.03186282473911306,0.06594048945446818,0.07815910046151675
2019-07-31,-0.0027350295019580306,0.03169446338379678,-0.01585281727128296,0.023550650126201056,0.005167062109769249,0.034982123359657,0.023419992584632565,0.017405582367373773,-0.001341529517279838,-0.01619200362208173,0.012751815010465961
2019-08-31,-0.02828256020555564,-0.024616151600538427,-0.08325351561610472,-0.04707967156192905,-0.026471637257991065,-0.01535241117315933,0.021706242577789636,0.04811549052770814,0.050881431976666835,-0.005924665105555449,-0.009443708684823027
2019-09-30,0.03179770720188313,0.0021301692434512187,0.03934282389789723,0.04542164184539588,0.030113826327894166,0.01572887583975957,0.017512763439502255,0.01003187137009065,0.04251672952584595,-0.0010560211264741826,0.012714547315749058
2019-10-31,-0.00017173630033073817,0.02221305791621675,-0.02094609257112834,0.02499977483575133,0.011335494324561601,0.038991380238928564,-0.0042331948749222414,-0.0002537914399686203,-0.007568882850030767,0.05125952517034138,0.0012429418895902877
2019-11-30,0.03179221989131675,0.0383249452163652,0.016045818718802174,0.05052294443442662,0.04496267394831133,0.05366324663606559,0.013734440252437752,-0.017289747291982516,-0.01867685195240021,0.05002645890208113,0.013239405716020558
2019-12-31,0.028624270321254253,0.022578310510966926,0.06026202170467876,0.026092643382143788,-0.0020111751221292273,0.04320671146197874,0.024127283516188758,0.011406750606829608,0.03290520980329381,0.03475275719436244,0.027631990209124435
2020-01-31,-0.06170622889398314,0.005220894251641184,-0.10992676267834922,-0.026641003253120576,-0.0044187718880127624,0.03992549311894922,0.0031756538064566797,0.014481351145413157,0.06747147025607325,-0.026703520522201485,-0.000797411067362308
2020-02-29,-0.08519854500954516,-0.058430905942754574,-0.15288148858094186,-0.1124830626579656,-0.09900148306321854,-0.07300968727694879,-0.08214629823455066,-0.062197189458023106,-0.09857944516640882,-0.06586645909212585,-0.0757261416117746
2020-03-31,-0.13996696389100105,-0.12599197331702205,-0.3437096612738175,-0.21035969150473421,-0.1862594079187787,-0.08577939204541662,-0.0553207292411918,-0.15106597699213653,-0.09995608342227069,-0.03887342635766311,-0.14913322967334464
2020-04-30,0.15186478198385456,0.13652819708371733,0.30763941364162095,0.09462089736449397,0.08812050603055188,0.13736487185381252,0.06957957579238827,0.0941935235278164,0.03338762228468983,0.12587469887104952,0.18882519634526984
2020-05-31,0.06881269298471371,0.07438332718868446,0.020000141347354727,0.027204726716413052,0.05388567458643778,0.0717646500689475,0.016649710795763273,0.02152151353516607,0.04243783784476762,0.0328887773263804,0.06509437072673485
2020-06-30,0.021814538029738317,0.0023916000092205625,-0.010955729332961517,-0.005228155921420563,0.019728134483090853,0.0694901860475221,-0.0022463259922644863,0.012349601608379057,-0.0467223761480674,-0.024425597391923848,0.030738892569490917
2020-07-31,0.07116241574499327,0.07568461640866331,-0.048084271492134345,0.03846165435929638,0.044105235393763875,0.05684776286352622,0.06923575108948055,0.04165463137283365,0.07797247363486504,0.05456198622619324,0.07274309990644356
2020-08-31,0.04357189083748603,0.08825061758301711,-0.010546901908892736,0.042863303079656356,0.08476213390920595,0.11880817542306543,0.04593337412890053,-0.00027544475165053317,-0.02597400168908015,0.025869462082698025,0.09554725302362033
2020-09-30,0.01507630520617087,-0.05903174776702258,-0.14606630671443788,-0.03422236068993478,-0.00682178614662865,-0.05335096517680771,-0.016747825717428833,-0.02117843001644759,0.01081326816232342,-0.021804901632844764,-0.018633803584722775
2020-10-31,-0.007228360849943272,-0.0033670056492732803,-0.041068346541711986,-0.00872456988940773,-0.014419549231663775,-0.050042932146196595,-0.028705110134359724,-0.031754743973078425,0.05052198737639757,-0.03621527578927397,-0.027282856941362787
2020-11-30,0.1236149291003521,0.1047296649341185,0.27994422131187147,0.16848269757058998,0.16027424003239,0.11383725242529641,0.07468671572649477,0.06881399328043392,0.007374250803497739,0.07948034214933797,0.09995094467746402
2020-12-31,0.024816116665334453,0.03345225797677642,0.04480126208013946,0.06306040731021367,0.01006853860308321,0.05541654854097233,0.01651040892668809,0.014618890469194179,0.006204185053904077,0.03797832987734351,0.024278387224969222
2021-01-31,-0.024174381451122273,-0.008891708097959583,0.03746702486324249,-0.01797824652094704,-0.04268775352388343,-0.008383479651719372,-0.04981494541111775,0.005470356788363384,-0.008771953606267369,0.014016469827504263,0.007650302329256009
2021-02-28,0.041194902611602524,0.07012588562258748,0.22456756694906121,0.11606238925254964,0.06889215360844347,0.013650862611746195,-0.012326208023267338,0.01577791649155791,-0.06098136348668526,-0.02103806767522598,-0.005308118354720115
2021-03-31,0.07590433685799902,0.02626149315244075,0.029709897471194013,0.05852405928076987,0.08986873266231843,0.018367154311190736,0.0849819945933672,0.06813907998889968,0.10552057938776715,0.04027319653414829,0.04459818675255489
2021-04-30,0.05380685053286571,0.0645117965119073,0.006726474808742555,0.06490471015119392,0.03534782972317507,0.05187802323395396,0.018591566844335272,0.08305893855216384,0.04184880272423741,0.03931819783624446,0.06455616308178902
2021-05-31,0.050818934978511754,0.009481062861244283,0.05709642092664402,0.04771109185579192,0.031296108921945676,-0.009305471236716212,0.017677709982371725,0.01145654756482628,-0.023381176228191358,0.01870928269803529,-0.033981560434875324
2021-06-30,-0.052632128014942325,0.029515830973037893,0.04233958643734481,-0.03039450542154909,-0.02279470284886409,0.06886326311393476,-0.005444393161150529,0.031364960605437364,-0.02208309889377702,0.022989423153989108,0.034568789375184705
2021-07-31,0.02077530439130615,0.01766076098054037,-0.08316322128807374,-0.004633124973588809,0.009374909576872259,0.03887296280733965,0.02200991792319229,0.046244007875859916,0.04333405941524071,0.049225792886639974,0.010529261754533836
2021-08-31,0.018924098439353276,0.03907768743625151,-0.02004446025367934,0.05147880222848511,0.01112631440775691,0.03559342804228671,0.010487594300899739,0.02802955239165561,0.03895708809624865,0.023155411095591605,0.01784620737311271
2021-09-30,-0.07188599973060983,-0.06275356791578024,0.08931499072500415,-0.018424811263007768,-0.06079826481175932,-0.058399461564612176,-0.04139173891861725,-0.06252081214619354,-0.060932355844315444,-0.05518379194737788,-0.02140786776316783
2021-10-31,0.07597003735507557,0.002371916366462612,0.10328275690916233,0.07274139668593693,0.06796819798327447,0.08177022286727409,0.03500920787440376,0.07581559424109008,0.04743272835803736,0.051217348406835006,0.120924896546865
2021-11-30,-0.005521377237338254,-0.06139471985310774,-0.050113156876920195,-0.0571285239794439,-0.035601579445875386,0.04451217061518875,-0.013473820375151657,-0.008992108271906774,-0.01703798559356895,-0.03056332024963715,0.016355961582497747
2021-12-31,0.07583170664896444,0.03276901167504609,0.029833885360457835,0.033642856793341336,0.05397607428487361,0.03247337528501815,0.10454703598905546,0.10263163374435647,0.0968929930614102,0.09019837005624964,0.001497762346928777
2022-01-31,-0.06798363847564026,-0.04801757660792183,0.1877478357326099,0.00025615972079329197,-0.04791589925522788,-0.06844185004362457,-0.014784119580715793,-0.08627691334011878,-0.032551289589953125,-0.06856409320698298,-0.09533369148483206
2022-02-28,-0.012670061363656893,-0.07437458880087866,0.07069163960210711,-0.013824770411884568,-0.008437600526605693,-0.048774194025660855,-0.014084462740026504,-0.04795089468503022,-0.01906124467954773,-0.009677559848510153,-0.04065983502328008
2022-03-31,0.061189214908929035,0.007375070833420816,0.09338640957954092,-0.001299700728630171,0.034363896934175076,0.033449760737642054,0.017813331923483444,0.07825124048210741,0.10345259265400308,0.05738174935343854,0.044266814472684546
2022-04-30,-0.03539452156143086,-0.14131993057175984,-0.01687627646995593,-0.09942584761079154,-0.07613135044204855,-0.11017427206427755,0.023059698518384852,-0.03559593429782326,-0.042975936508612755,-0.04890888479355249,-0.11956762869671589
2022-05-31,0.011760768300970836,0.018963778055018254,0.16034588938043992,0.027817971294260113,-0.004625042959269243,-0.006858705067224968,-0.04082935928634679,-0.05107304072057273,0.04308154595265923,0.014890009722137165,-0.051203366545871765
2022-06-30,-0.13856322504158636,-0.0960229043542401,-0.17073462432809483,-0.10860882213281142,-0.07366986151757304,-0.09255739560107112,-0.023472704429149505,-0.06854736893011071,-0.04895450771749765,-0.02608052301841246,-0.10833489898817472
2022-07-31,0.061549219918174636,0.03869551391756865,0.09662998824866209,0.07186008211811679,0.09503105975431692,0.13451880020514073,0.0320035813954358,0.08516887602771006,0.05447017039167146,0.032439141007232,0.18439054173851144
2022-08-31,-0.034813688843818635,-0.03530227240547845,0.02652353460559853,-0.019578806325518117,-0.02833543045940401,-0.06212751461644617,-0.018526136619885447,-0.05615690280783048,0.0052739274957835924,-0.05770394879217622,-0.04495487941436016
2022-09-30,-0.09302946573014026,-0.11748361789348105,-0.09558718860442417,-0.07655948642352872,-0.10430920371538388,-0.11967116665225774,-0.08132853660767403,-0.13171322835049726,-0.11280998504355466,-0.02538677118666577,-0.0820636573074679
2022-10-31,0.08925174505666011,0.006681916940753263,0.2496530012877154,0.11923582973037461,0.13894248297016754,0.0765279452699259,0.09006452766342954,0.01999445861161897,0.019386176375346453,0.09611114727013303,0.011091096683303325
2022-11-30,0.11703565498983592,0.06845074983602739,0.012777702292150694,0.06856956084270993,0.078113458470072,0.06326741997501828,0.0611769947097065,0.06833658454655689,0.06963181282497377,0.047231520908615376,0.014858245054413022
2022-12-31,-0.0551875834189246,-0.06604281079923446,-0.030489338718068693,-0.05220453920224688,-0.029898362297047676,-0.08210268328638759,-0.027275813661600368,-0.04818278459172354,-0.004944155585482002,-0.018776978844015302,-0.11394966364962744
2023-01-31,0.0897269392984319,0.14773920173495414,0.028123773757402937,0.06900590519798833,0.0370633064211876,0.09257489536084806,-0.010865003773082194,0.09910647376579451,-0.020000066922029824,-0.018329131239279817,0.1512852305486485
2023-02-28,-0.03331351803038962,-0.028685542873340908,-0.0693871035063165,-0.02297596273112823,-0.00863994915594879,0.004118688790097469,-0.023189707150588323,-0.05863517640442539,-0.0591980757476217,-0.046415622605207485,-0.02125095563007451
2023-03-31,-0.010010733731167343,0.08651409793344289,5.3118681047958916e-05,-0.09547673453892913,0.006191275436699062,0.10858028405274744,0.042192815683347096,-0.01476048080421799,0.049060232762163425,0.02197804980801532,0.03061939828107718
2023-04-30,-0.001363911050046962,0.03329305695153817,0.02776781361715952,0.03172611250992041,-0.011662511293945244,-0.0011921180324770964,0.036541423534391715,0.009898281242892715,0.01905763103090452,0.03143836014456536,-0.011234294918514576
2023-05-31,-0.06865293874429979,0.039065070149418624,-0.10031716989236861,-0.04250816323746942,-0.03150001894895149,0.08917318168602617,-0.06159604231228866,-0.045297801392837345,-0.0587126631328293,-0.04268721330254566,0.025361709219956508
2023-06-30,0.11005665829321876,0.04732813878125852,0.06913367737836906,0.06616042058724259,0.11253647787799559,0.06053198046560149,0.027881925141487462,0.055839296389494475,0.01596110064563927,0.04260620950145433,0.12229779305971755
2023-07-31,0.03439124906502755,0.057006629324746205,0.07773797937098781,0.04805722283781688,0.028885527646979936,0.025825297929870317,0.021302435400012865,0.013266030068838308,0.024908460063788995,0.01069844931128161,0.023143613161006993
2023-08-31,-0.03301457528547702,-0.015409297228717977,0.016461050882471406,-0.026889483965920724,-0.01983328422703201,-0.015082806385194214,-0.03947185940674469,-0.030636308250702404,-0.06127950771940771,-0.007006808359227623,-0.017439869264079588
2023-09-30,-0.04779027161723326,-0.029476311000563804,0.024033021948894007,-0.030882197615317408,-0.05947541756850239,-0.06478338309604226,-0.04787906614378046,-0.07234908091634296,-0.056424198670549375,-0.02959198755453074,-0.05532008059149185
2023-10-31,-0.03169961228348739,-0.0129631965726682,-0.05752863074977688,-0.024419806842348013,-0.029788936579486225,0.0004882850388516768,-0.013806144771196682,-0.028470742412253447,0.012896620969530925,-0.03262394484736886,-0.055162068932482544
2023-11-30,0.08348689996151282,0.07802827163685477,-0.007160353498425032,0.10939447604639252,0.08834897388854612,0.12895556674994357,0.041261795553741765,0.12477341619228954,0.051432435558910194,0.054360085554168824,0.10966461844643605
2023-12-31,0.0452335657601024,0.04397992605342371,0.0007718852516773733,0.05253891962193591,0.07065563749590775,0.04182663557015842,0.027116054545714974,0.08745951496209114,0.01858817591377604,0.043261237127516505,0.06132160236189699
2024-01-31,-0.03892917533092888,0.04431571688863056,-0.005128828493074167,0.030850994226334194,-0.00965003358767158,0.02701572539866759,0.012356056848369157,-0.04817779710423431,-0.029685813399320637,0.029329731886715615,-0.0441250913877379
2024-02-29,0.0650771231828764,0.045861963040737086,0.03272985382002136,0.04076390787049178,0.07183994262348747,0.04704575294001212,0.020981989560679537,0.02570157689587771,0.010577646561042542,0.03162833214921856,0.0789258569411071
2024-03-31,0.06468352368796348,0.031766555281253606,0.10486376158346133,0.04805606856200262,0.044208755777036535,0.007894428858644664,0.033205840992306834,0.017620319011303787,0.0659001057216031,0.02377735936220393,-0.0006475978882575228
2024-04-30,-0.045860481243922724,-0.0465342491580224,-0.009426966423776384,-0.04178536784554365,-0.03524927783116116,-0.05761764492240973,-0.01126250690277586,-0.08449270300765865,0.016603265274348855,-0.05009135877591209,-0.044972586242233215
2024-05-31,0.03272009821209565,0.06935508984150518,-0.003421823346739128,0.03171441248220663,0.016376058152225426,0.0707698778298751,0.024370933152404683,0.05139520439789291,0.08960154796060804,0.024014968067911813,0.0019930137614074805
2024-06-30,-0.03058354252632023,0.031545745172290474,-0.014141735174927561,-0.00881893266039635,-0.009888664371455191,0.07835383700118981,-0.0023509564054279286,0.019716890464689607,-0.05542646076192259,0.018240000562295133,0.03877015402833672
2024-07-31,0.043369885161380406,0.0015175518430943225,0.022600126810755627,0.0639745874133848,0.049150867882365556,-0.032842605736130404,0.0165836754838673,0.07237676239450264,0.0682416990826904,0.026621016257996732,0.027905766259668008
2024-08-31,0.023225651287363425,0.017834318786178027,-0.020706055313211902,0.045724759898673195,0.028155719313401217,0.006992715618660661,0.059858992791294474,0.057295603534763595,0.04808372491085411,0.05059136778897222,-0.001973484878826537
2024-09-30,0.026836705234609237,0.03841469523935537,-0.030180867406918832,-0.005588835316497898,0.03362028400799755,0.026485253931690655,0.011284118041225977,0.032907168482742,0.06602944909181585,-0.016574711602298176,0.07301960300836252
2024-10-31,-0.031022893430473597,0.018141613183346728,0.00899759893895391,0.02559568499089604,-0.011887138314556678,-0.015591692160829562,-0.034698699405165456,-0.03290796344706215,-0.01076994912850926,-0.046422572711725896,-0.01736780326298326
2024-11-30,0.014883820240259027,0.06910046693974925,0.07833848333992144,0.10456115540355171,0.07591730257163198,0.05170087455573813,0.03869187688952769,0.04166660470193362,0.03779257908106626,0.003676801864846535,0.12905682581351563
2024-12-31,-0.11123625356807287,-0.010340447898478433,-0.107512658336534,-0.055592256681736396,-0.07921531433063145,0.004809764042362552,-0.05113369863447714,-0.0936902359407984,-0.07888998523298152,-0.06477596352391768,0.018796222962141007
