Date,Top 3 ETFs
2006-02,"XLB, XLE, XLU"
2006-03,"XLE, XLF, XLU"
2006-04,"XLE, XLF, XLK"
2006-05,"XLB, XLE, XLF"
2006-06,"XLB, XLE, XLF"
2006-07,"XLB, XLE, XLI"
2006-08,"XLB, XLE, XLF"
2006-09,"XLB, XLF, XLP"
2006-10,"XLB, XLF, XLI"
2006-11,"XLB, XLF, XLY"
2006-12,"XLB, XLE, XLU"
2007-01,"XLF, XLU, XLY"
2007-02,"XLF, XLU, XLY"
2007-03,"XLB, XLU, XLY"
2007-04,"XLB, XLP, XLU"
2007-05,"XLB, XLU, XLV"
2007-06,"XLB, XLK, XLU"
2007-07,"XLB, XLK, XLU"
2007-08,"XLB, XLI, XLK"
2007-09,"XLB, XLE, XLI"
2007-10,"XLB, XLE, XLI"
2007-11,"XLB, XLE, XLK"
2007-12,"XLB, XLE, XLU"
2008-01,"XLB, XLE, XLU"
2008-02,"XLB, XLE, XLU"
2008-03,"XLB, XLE, XLP"
2008-04,"XLB, XLE, XLI"
2008-05,"XLB, XLE, XLI"
2008-06,"XLB, XLE, XLP"
2008-07,"XLB, XLE, XLU"
2008-08,"XLB, XLE, XLP"
2008-09,"XLB, XLE, XLP"
2008-10,"XLP, XLU, XLV"
2008-11,"XLP, XLU, XLV"
2008-12,"XLP, XLU, XLV"
2009-01,"XLP, XLU, XLV"
2009-02,"XLP, XLU, XLV"
2009-03,"XLP, XLU, XLV"
2009-04,"XLK, XLP, XLV"
2009-05,"XLP, XLV, XLY"
2009-06,"XLP, XLV, XLY"
2009-07,"XLP, XLV, XLY"
2009-08,"XLK, XLP, XLY"
2009-09,"XLK, XLP, XLV"
2009-10,"XLK, XLV, XLY"
2009-11,"XLB, XLK, XLY"
2009-12,"XLB, XLK, XLY"
2010-01,"XLB, XLK, XLY"
2010-02,"XLB, XLF, XLY"
2010-03,"XLF, XLI, XLY"
2010-04,"XLF, XLI, XLY"
2010-05,"XLF, XLI, XLY"
2010-06,"XLI, XLK, XLY"
2010-07,"XLF, XLI, XLY"
2010-08,"XLF, XLI, XLY"
2010-09,"XLI, XLU, XLY"
2010-10,"XLI, XLP, XLY"
2010-11,"XLB, XLI, XLY"
2010-12,"XLE, XLI, XLY"
2011-01,"XLE, XLI, XLY"
2011-02,"XLB, XLE, XLI"
2011-03,"XLE, XLI, XLY"
2011-04,"XLB, XLE, XLI"
2011-05,"XLB, XLE, XLI"
2011-06,"XLB, XLE, XLI"
2011-07,"XLB, XLE, XLY"
2011-08,"XLB, XLE, XLY"
2011-09,"XLE, XLV, XLY"
2011-10,"XLP, XLU, XLV"
2011-11,"XLE, XLU, XLY"
2011-12,"XLE, XLP, XLU"
2012-01,"XLP, XLU, XLV"
2012-02,"XLP, XLU, XLV"
2012-03,"XLP, XLU, XLV"
2012-04,"XLK, XLP, XLY"
2012-05,"XLK, XLU, XLY"
2012-06,"XLP, XLU, XLY"
2012-07,"XLK, XLP, XLU"
2012-08,"XLK, XLP, XLU"
2012-09,"XLK, XLV, XLY"
2012-10,"XLF, XLK, XLY"
2012-11,"XLF, XLV, XLY"
2012-12,"XLF, XLV, XLY"
2013-01,"XLF, XLV, XLY"
2013-02,"XLF, XLV, XLY"
2013-03,"XLF, XLV, XLY"
2013-04,"XLP, XLV, XLY"
2013-05,"XLF, XLP, XLV"
2013-06,"XLF, XLV, XLY"
2013-07,"XLF, XLV, XLY"
2013-08,"XLF, XLV, XLY"
2013-09,"XLF, XLV, XLY"
2013-10,"XLF, XLI, XLY"
2013-11,"XLI, XLV, XLY"
2013-12,"XLF, XLV, XLY"
2014-01,"XLI, XLV, XLY"
2014-02,"XLI, XLV, XLY"
2014-03,"XLI, XLV, XLY"
2014-04,"XLF, XLI, XLV"
2014-05,"XLB, XLI, XLV"
2014-06,"XLB, XLI, XLV"
2014-07,"XLB, XLE, XLV"
2014-08,"XLB, XLK, XLV"
2014-09,"XLB, XLK, XLV"
2014-10,"XLB, XLK, XLV"
2014-11,"XLK, XLU, XLV"
2014-12,"XLK, XLU, XLV"
2015-01,"XLK, XLU, XLV"
2015-02,"XLP, XLU, XLV"
2015-03,"XLK, XLP, XLV"
2015-04,"XLP, XLV, XLY"
2015-05,"XLK, XLV, XLY"
2015-06,"XLK, XLV, XLY"
2015-07,"XLK, XLV, XLY"
2015-08,"XLP, XLV, XLY"
2015-09,"XLP, XLV, XLY"
2015-10,"XLP, XLU, XLY"
2015-11,"XLK, XLP, XLY"
2015-12,"XLK, XLV, XLY"
2016-01,"XLP, XLV, XLY"
2016-02,"XLK, XLP, XLY"
2016-03,"XLP, XLU, XLY"
2016-04,"XLK, XLP, XLU"
2016-05,"XLP, XLU, XLY"
2016-06,"XLP, XLU, XLY"
2016-07,"XLK, XLP, XLU"
2016-08,"XLK, XLP, XLU"
2016-09,"XLK, XLP, XLU"
2016-10,"XLB, XLI, XLK"
2016-11,"XLK, XLP, XLU"
2016-12,"XLF, XLI, XLU"
2017-01,"XLE, XLF, XLI"
2017-02,"XLB, XLF, XLI"
2017-03,"XLE, XLF, XLK"
2017-04,"XLF, XLI, XLK"
2017-05,"XLF, XLI, XLK"
2017-06,"XLF, XLI, XLK"
2017-07,"XLF, XLI, XLK"
2017-08,"XLF, XLI, XLK"
2017-09,"XLF, XLI, XLK"
2017-10,"XLF, XLI, XLK"
2017-11,"XLB, XLF, XLK"
2017-12,"XLF, XLK, XLU"
2018-01,"XLB, XLI, XLK"
2018-02,"XLF, XLK, XLY"
2018-03,"XLF, XLK, XLY"
2018-04,"XLF, XLK, XLY"
2018-05,"XLF, XLK, XLY"
2018-06,"XLE, XLF, XLK"
2018-07,"XLE, XLK, XLY"
2018-08,"XLE, XLK, XLY"
2018-09,"XLE, XLK, XLY"
2018-10,"XLK, XLV, XLY"
2018-11,"XLK, XLV, XLY"
2018-12,"XLK, XLV, XLY"
2019-01,"XLU, XLV, XLY"
2019-02,"XLRE, XLU, XLV"
2019-03,"XLRE, XLU, XLV"
2019-04,"XLK, XLRE, XLU"
2019-05,"XLK, XLP, XLRE"
2019-06,"XLP, XLRE, XLU"
2019-07,"XLP, XLRE, XLU"
2019-08,"XLK, XLRE, XLU"
2019-09,"XLP, XLRE, XLU"
2019-10,"XLP, XLRE, XLU"
2019-11,"XLK, XLRE, XLU"
2019-12,"XLC, XLK, XLRE"
2020-01,"XLC, XLF, XLK"
2020-02,"XLK, XLP, XLU"
2020-03,"XLC, XLK, XLU"
2020-04,"XLK, XLP, XLV"
2020-05,"XLK, XLP, XLV"
2020-06,"XLC, XLK, XLV"
2020-07,"XLC, XLK, XLV"
2020-08,"XLC, XLK, XLV"
2020-09,"XLC, XLK, XLY"
2020-10,"XLC, XLK, XLY"
2020-11,"XLC, XLK, XLY"
2020-12,"XLC, XLK, XLY"
2021-01,"XLC, XLK, XLY"
2021-02,"XLB, XLK, XLY"
2021-03,"XLB, XLC, XLK"
2021-04,"XLB, XLE, XLY"
2021-05,"XLB, XLF, XLI"
2021-06,"XLB, XLF, XLI"
2021-07,"XLC, XLF, XLI"
2021-08,"XLE, XLF, XLI"
2021-09,"XLB, XLE, XLF"
2021-10,"XLC, XLE, XLF"
2021-11,"XLE, XLF, XLK"
2021-12,"XLE, XLF, XLK"
2022-01,"XLE, XLF, XLRE"
2022-02,"XLE, XLF, XLRE"
2022-03,"XLE, XLF, XLRE"
2022-04,"XLE, XLK, XLRE"
2022-05,"XLE, XLP, XLRE"
2022-06,"XLE, XLU, XLV"
2022-07,"XLE, XLP, XLU"
2022-08,"XLE, XLP, XLU"
2022-09,"XLE, XLP, XLU"
2022-10,"XLE, XLP, XLU"
2022-11,"XLE, XLP, XLU"
2022-12,"XLE, XLP, XLU"
2023-01,"XLE, XLP, XLU"
2023-02,"XLE, XLI, XLV"
2023-03,"XLB, XLE, XLI"
2023-04,"XLE, XLI, XLP"
2023-05,"XLE, XLI, XLK"
2023-06,"XLC, XLI, XLK"
2023-07,"XLI, XLK, XLY"
2023-08,"XLC, XLI, XLK"
2023-09,"XLC, XLI, XLK"
2023-10,"XLC, XLE, XLK"
2023-11,"XLC, XLK, XLY"
2023-12,"XLC, XLK, XLY"
2024-01,"XLC, XLK, XLY"
2024-02,"XLC, XLK, XLY"
2024-03,"XLC, XLK, XLY"
2024-04,"XLC, XLF, XLK"
2024-05,"XLC, XLF, XLK"
2024-06,"XLC, XLF, XLI"
2024-07,"XLC, XLF, XLK"
2024-08,"XLC, XLF, XLK"
2024-09,"XLC, XLF, XLK"
2024-10,"XLC, XLF, XLU"
2024-11,"XLC, XLF, XLU"
2024-12,"XLC, XLF, XLI"
